InstructorID,FullName,Specialization,Region,ExperienceYears
1,Instructor_1,Biz,EMEA,13
2,Instructor_2,Biz,APAC,19
3,Instructor_3,Design,APAC,23
4,Instructor_4,Tech,AMER,1
5,Instructor_5,Design,AMER,16
6,Instructor_6,Biz,AMER,27
7,Instructor_7,Biz,APAC,26
8,Instructor_8,Design,AMER,22
9,Instructor_9,Tech,APAC,27
10,Instructor_10,Biz,APAC,17
11,Instructor_11,Design,EMEA,5
12,Instructor_12,Tech,EMEA,11
13,Instructor_13,Biz,APAC,6
14,Instructor_14,Design,EMEA,29
15,Instructor_15,Tech,AMER,8
16,Instructor_16,Design,APAC,13
17,Instructor_17,Design,AMER,26
18,Instructor_18,Health,APAC,7
19,Instructor_19,Health,EMEA,17
20,Instructor_20,Design,APAC,11
21,Instructor_21,Tech,AMER,10
22,Instructor_22,Health,EMEA,14
23,Instructor_23,Health,AMER,10
24,Instructor_24,Biz,APAC,18
25,Instructor_25,Health,APAC,12
26,Instructor_26,Biz,AMER,16
27,Instructor_27,Tech,APAC,13
28,Instructor_28,Design,APAC,10
29,Instructor_29,Biz,APAC,9
30,Instructor_30,Biz,AMER,3
31,Instructor_31,Biz,APAC,29
32,Instructor_32,Tech,AMER,16
33,Instructor_33,Tech,APAC,8
34,Instructor_34,Health,AMER,2
35,Instructor_35,Tech,AMER,1
36,Instructor_36,Biz,EMEA,10
37,Instructor_37,Health,EMEA,17
38,Instructor_38,Tech,APAC,10
39,Instructor_39,Health,EMEA,7
40,Instructor_40,Biz,APAC,12
41,Instructor_41,Health,APAC,13
42,Instructor_42,Biz,APAC,16
43,Instructor_43,Tech,APAC,21
44,Instructor_44,Biz,EMEA,11
45,Instructor_45,Tech,AMER,29
46,Instructor_46,Health,APAC,10
47,Instructor_47,Tech,EMEA,16
48,Instructor_48,Biz,AMER,16
49,Instructor_49,Health,EMEA,5
50,Instructor_50,Design,EMEA,26
51,Instructor_51,Biz,AMER,25
52,Instructor_52,Tech,EMEA,7
53,Instructor_53,Health,APAC,27
54,Instructor_54,Health,APAC,29
55,Instructor_55,Design,EMEA,22
56,Instructor_56,Health,EMEA,16
57,Instructor_57,Health,APAC,11
58,Instructor_58,Design,EMEA,12
59,Instructor_59,Tech,EMEA,20
60,Instructor_60,Tech,APAC,11
61,Instructor_61,Biz,AMER,13
62,Instructor_62,Design,APAC,17
63,Instructor_63,Design,APAC,28
64,Instructor_64,Biz,APAC,17
65,Instructor_65,Biz,EMEA,8
66,Instructor_66,Biz,APAC,24
67,Instructor_67,Health,AMER,17
68,Instructor_68,Tech,EMEA,24
69,Instructor_69,Tech,APAC,28
70,Instructor_70,Biz,APAC,15
71,Instructor_71,Biz,AMER,13
72,Instructor_72,Biz,AMER,23
73,Instructor_73,Design,APAC,21
74,Instructor_74,Design,APAC,3
75,Instructor_75,Health,APAC,13
76,Instructor_76,Biz,AMER,17
77,Instructor_77,Tech,EMEA,18
78,Instructor_78,Tech,EMEA,29
79,Instructor_79,Biz,APAC,20
80,Instructor_80,Design,APAC,14
81,Instructor_81,Design,AMER,6
82,Instructor_82,Design,APAC,17
83,Instructor_83,Biz,APAC,29
84,Instructor_84,Health,EMEA,20
85,Instructor_85,Health,AMER,5
86,Instructor_86,Health,APAC,12
87,Instructor_87,Health,AMER,2
88,Instructor_88,Tech,EMEA,28
89,Instructor_89,Tech,EMEA,23
90,Instructor_90,Tech,APAC,1
91,Instructor_91,Health,AMER,17
92,Instructor_92,Tech,APAC,24
93,Instructor_93,Biz,EMEA,13
94,Instructor_94,Tech,AMER,21
95,Instructor_95,Biz,AMER,17
96,Instructor_96,Tech,AMER,23
97,Instructor_97,Tech,EMEA,2
98,Instructor_98,Biz,AMER,13
99,Instructor_99,Design,AMER,14
100,Instructor_100,Design,EMEA,23
101,Instructor_101,Tech,APAC,10
102,Instructor_102,Design,APAC,27
103,Instructor_103,Design,EMEA,25
104,Instructor_104,Health,AMER,6
105,Instructor_105,Biz,AMER,4
106,Instructor_106,Biz,AMER,5
107,Instructor_107,Tech,AMER,15
108,Instructor_108,Health,APAC,25
109,Instructor_109,Tech,EMEA,19
110,Instructor_110,Biz,EMEA,21
111,Instructor_111,Health,APAC,13
112,Instructor_112,Health,AMER,19
113,Instructor_113,Biz,EMEA,24
114,Instructor_114,Biz,AMER,5
115,Instructor_115,Tech,AMER,20
116,Instructor_116,Biz,AMER,10
117,Instructor_117,Biz,AMER,25
118,Instructor_118,Biz,APAC,28
119,Instructor_119,Design,APAC,16
120,Instructor_120,Biz,AMER,29
121,Instructor_121,Health,AMER,12
122,Instructor_122,Design,AMER,28
123,Instructor_123,Health,AMER,21
124,Instructor_124,Tech,EMEA,26
125,Instructor_125,Tech,EMEA,14
126,Instructor_126,Health,APAC,28
127,Instructor_127,Biz,APAC,22
128,Instructor_128,Design,APAC,9
129,Instructor_129,Design,EMEA,25
130,Instructor_130,Design,EMEA,26
131,Instructor_131,Health,AMER,1
132,Instructor_132,Health,AMER,26
133,Instructor_133,Design,APAC,2
134,Instructor_134,Tech,APAC,6
135,Instructor_135,Health,EMEA,9
136,Instructor_136,Tech,EMEA,22
137,Instructor_137,Health,AMER,20
138,Instructor_138,Design,EMEA,16
139,Instructor_139,Tech,APAC,23
140,Instructor_140,Health,AMER,28
141,Instructor_141,Health,APAC,12
142,Instructor_142,Biz,EMEA,9
143,Instructor_143,Tech,APAC,24
144,Instructor_144,Design,EMEA,14
145,Instructor_145,Biz,AMER,6
146,Instructor_146,Tech,EMEA,29
147,Instructor_147,Design,EMEA,11
148,Instructor_148,Design,APAC,11
149,Instructor_149,Design,EMEA,19
150,Instructor_150,Tech,EMEA,2
151,Instructor_151,Design,EMEA,28
152,Instructor_152,Biz,AMER,29
153,Instructor_153,Design,APAC,9
154,Instructor_154,Design,APAC,26
155,Instructor_155,Design,AMER,5
156,Instructor_156,Design,AMER,13
157,Instructor_157,Tech,EMEA,17
158,Instructor_158,Biz,AMER,5
159,Instructor_159,Biz,AMER,16
160,Instructor_160,Tech,EMEA,28
161,Instructor_161,Biz,APAC,16
162,Instructor_162,Design,EMEA,3
163,Instructor_163,Design,EMEA,12
164,Instructor_164,Design,EMEA,15
165,Instructor_165,Tech,APAC,12
166,Instructor_166,Tech,APAC,6
167,Instructor_167,Biz,EMEA,11
168,Instructor_168,Design,APAC,7
169,Instructor_169,Design,APAC,27
170,Instructor_170,Design,APAC,22
171,Instructor_171,Biz,EMEA,16
172,Instructor_172,Health,EMEA,25
173,Instructor_173,Biz,APAC,1
174,Instructor_174,Biz,AMER,2
175,Instructor_175,Biz,APAC,20
176,Instructor_176,Design,AMER,6
177,Instructor_177,Biz,APAC,12
178,Instructor_178,Health,APAC,22
179,Instructor_179,Health,APAC,12
180,Instructor_180,Tech,EMEA,26
181,Instructor_181,Design,EMEA,11
182,Instructor_182,Health,EMEA,7
183,Instructor_183,Health,AMER,26
184,Instructor_184,Design,AMER,29
185,Instructor_185,Design,APAC,8
186,Instructor_186,Tech,APAC,22
187,Instructor_187,Tech,APAC,6
188,Instructor_188,Health,AMER,16
189,Instructor_189,Biz,AMER,13
190,Instructor_190,Health,EMEA,19
191,Instructor_191,Design,EMEA,18
192,Instructor_192,Design,AMER,9
193,Instructor_193,Health,AMER,29
194,Instructor_194,Health,AMER,10
195,Instructor_195,Design,EMEA,11
196,Instructor_196,Health,AMER,28
197,Instructor_197,Tech,EMEA,19
198,Instructor_198,Biz,EMEA,22
199,Instructor_199,Design,AMER,2
200,Instructor_200,Tech,AMER,17
201,Instructor_201,Biz,APAC,9
202,Instructor_202,Tech,APAC,16
203,Instructor_203,Design,APAC,12
204,Instructor_204,Design,EMEA,8
205,Instructor_205,Health,EMEA,2
206,Instructor_206,Biz,APAC,23
207,Instructor_207,Tech,APAC,5
208,Instructor_208,Biz,APAC,3
209,Instructor_209,Tech,AMER,29
210,Instructor_210,Design,EMEA,28
211,Instructor_211,Design,EMEA,25
212,Instructor_212,Tech,AMER,11
213,Instructor_213,Health,APAC,20
214,Instructor_214,Design,AMER,28
215,Instructor_215,Health,EMEA,2
216,Instructor_216,Tech,APAC,14
217,Instructor_217,Biz,EMEA,7
218,Instructor_218,Biz,AMER,15
219,Instructor_219,Tech,EMEA,15
220,Instructor_220,Tech,EMEA,19
221,Instructor_221,Health,APAC,24
222,Instructor_222,Design,EMEA,22
223,Instructor_223,Design,APAC,19
224,Instructor_224,Health,EMEA,3
225,Instructor_225,Health,AMER,14
226,Instructor_226,Design,AMER,23
227,Instructor_227,Design,AMER,17
228,Instructor_228,Design,EMEA,27
229,Instructor_229,Tech,APAC,22
230,Instructor_230,Tech,AMER,9
231,Instructor_231,Tech,AMER,5
232,Instructor_232,Biz,EMEA,26
233,Instructor_233,Health,APAC,27
234,Instructor_234,Design,AMER,17
235,Instructor_235,Health,EMEA,16
236,Instructor_236,Tech,AMER,28
237,Instructor_237,Tech,AMER,10
238,Instructor_238,Design,AMER,22
239,Instructor_239,Health,AMER,11
240,Instructor_240,Design,AMER,26
241,Instructor_241,Biz,EMEA,14
242,Instructor_242,Biz,AMER,22
243,Instructor_243,Tech,AMER,13
244,Instructor_244,Design,APAC,15
245,Instructor_245,Health,AMER,18
246,Instructor_246,Biz,AMER,11
247,Instructor_247,Biz,APAC,2
248,Instructor_248,Health,EMEA,25
249,Instructor_249,Health,APAC,21
250,Instructor_250,Design,EMEA,19
251,Instructor_251,Health,AMER,24
252,Instructor_252,Biz,AMER,6
253,Instructor_253,Biz,EMEA,18
254,Instructor_254,Biz,EMEA,26
255,Instructor_255,Design,AMER,18
256,Instructor_256,Health,APAC,12
257,Instructor_257,Biz,EMEA,5
258,Instructor_258,Biz,APAC,18
259,Instructor_259,Health,APAC,10
260,Instructor_260,Design,APAC,16
261,Instructor_261,Health,AMER,23
262,Instructor_262,Biz,APAC,7
263,Instructor_263,Biz,AMER,26
264,Instructor_264,Tech,APAC,10
265,Instructor_265,Biz,EMEA,3
266,Instructor_266,Design,AMER,19
267,Instructor_267,Design,AMER,26
268,Instructor_268,Biz,APAC,18
269,Instructor_269,Design,AMER,15
270,Instructor_270,Biz,AMER,5
271,Instructor_271,Tech,APAC,26
272,Instructor_272,Tech,EMEA,25
273,Instructor_273,Tech,AMER,17
274,Instructor_274,Health,EMEA,5
275,Instructor_275,Health,AMER,9
276,Instructor_276,Tech,EMEA,4
277,Instructor_277,Tech,EMEA,12
278,Instructor_278,Tech,EMEA,10
279,Instructor_279,Design,APAC,18
280,Instructor_280,Health,EMEA,8
281,Instructor_281,Health,EMEA,2
282,Instructor_282,Design,APAC,15
283,Instructor_283,Design,AMER,21
284,Instructor_284,Tech,APAC,15
285,Instructor_285,Health,EMEA,25
286,Instructor_286,Health,EMEA,3
287,Instructor_287,Biz,AMER,2
288,Instructor_288,Tech,AMER,7
289,Instructor_289,Tech,APAC,1
290,Instructor_290,Design,AMER,15
291,Instructor_291,Tech,APAC,20
292,Instructor_292,Design,AMER,3
293,Instructor_293,Biz,AMER,11
294,Instructor_294,Biz,AMER,21
295,Instructor_295,Health,EMEA,1
296,Instructor_296,Health,APAC,18
297,Instructor_297,Design,EMEA,26
298,Instructor_298,Biz,APAC,10
299,Instructor_299,Design,AMER,1
300,Instructor_300,Health,APAC,11
301,Instructor_301,Biz,AMER,11
302,Instructor_302,Health,APAC,1
303,Instructor_303,Health,AMER,29
304,Instructor_304,Health,APAC,14
305,Instructor_305,Health,APAC,15
306,Instructor_306,Design,APAC,25
307,Instructor_307,Tech,AMER,15
308,Instructor_308,Tech,EMEA,27
309,Instructor_309,Biz,APAC,25
310,Instructor_310,Tech,AMER,11
311,Instructor_311,Tech,EMEA,22
312,Instructor_312,Tech,AMER,16
313,Instructor_313,Biz,APAC,23
314,Instructor_314,Biz,EMEA,11
315,Instructor_315,Health,AMER,25
316,Instructor_316,Biz,APAC,25
317,Instructor_317,Biz,APAC,16
318,Instructor_318,Biz,EMEA,25
319,Instructor_319,Biz,EMEA,19
320,Instructor_320,Health,APAC,25
321,Instructor_321,Health,APAC,29
322,Instructor_322,Tech,EMEA,21
323,Instructor_323,Health,EMEA,14
324,Instructor_324,Design,AMER,18
325,Instructor_325,Biz,EMEA,14
326,Instructor_326,Tech,APAC,21
327,Instructor_327,Tech,EMEA,16
328,Instructor_328,Design,AMER,2
329,Instructor_329,Design,EMEA,29
330,Instructor_330,Health,AMER,24
331,Instructor_331,Design,EMEA,10
332,Instructor_332,Health,APAC,11
333,Instructor_333,Health,APAC,21
334,Instructor_334,Health,APAC,10
335,Instructor_335,Biz,APAC,15
336,Instructor_336,Biz,AMER,3
337,Instructor_337,Design,AMER,1
338,Instructor_338,Biz,AMER,14
339,Instructor_339,Health,AMER,4
340,Instructor_340,Design,AMER,10
341,Instructor_341,Biz,AMER,14
342,Instructor_342,Biz,EMEA,20
343,Instructor_343,Design,AMER,6
344,Instructor_344,Design,APAC,14
345,Instructor_345,Tech,APAC,14
346,Instructor_346,Health,APAC,29
347,Instructor_347,Health,AMER,20
348,Instructor_348,Biz,AMER,27
349,Instructor_349,Design,APAC,27
350,Instructor_350,Design,APAC,18
351,Instructor_351,Health,AMER,19
352,Instructor_352,Tech,AMER,26
353,Instructor_353,Design,EMEA,8
354,Instructor_354,Design,APAC,13
355,Instructor_355,Health,APAC,26
356,Instructor_356,Biz,EMEA,26
357,Instructor_357,Tech,EMEA,17
358,Instructor_358,Biz,APAC,10
359,Instructor_359,Biz,AMER,2
360,Instructor_360,Health,AMER,1
361,Instructor_361,Tech,EMEA,12
362,Instructor_362,Health,AMER,23
363,Instructor_363,Health,AMER,18
364,Instructor_364,Health,EMEA,20
365,Instructor_365,Tech,APAC,21
366,Instructor_366,Design,APAC,5
367,Instructor_367,Design,EMEA,11
368,Instructor_368,Health,AMER,7
369,Instructor_369,Biz,EMEA,7
370,Instructor_370,Design,EMEA,29
371,Instructor_371,Health,EMEA,25
372,Instructor_372,Health,APAC,6
373,Instructor_373,Biz,AMER,4
374,Instructor_374,Design,AMER,29
375,Instructor_375,Health,APAC,18
376,Instructor_376,Health,APAC,29
377,Instructor_377,Health,EMEA,27
378,Instructor_378,Tech,APAC,29
379,Instructor_379,Biz,AMER,15
380,Instructor_380,Design,EMEA,16
381,Instructor_381,Design,EMEA,11
382,Instructor_382,Design,EMEA,20
383,Instructor_383,Design,APAC,19
384,Instructor_384,Health,AMER,14
385,Instructor_385,Design,EMEA,22
386,Instructor_386,Biz,EMEA,21
387,Instructor_387,Design,AMER,26
388,Instructor_388,Health,EMEA,11
389,Instructor_389,Health,APAC,10
390,Instructor_390,Health,APAC,6
391,Instructor_391,Tech,EMEA,17
392,Instructor_392,Design,EMEA,25
393,Instructor_393,Health,AMER,15
394,Instructor_394,Health,AMER,18
395,Instructor_395,Design,APAC,15
396,Instructor_396,Design,EMEA,1
397,Instructor_397,Health,APAC,9
398,Instructor_398,Design,EMEA,28
399,Instructor_399,Health,EMEA,1
400,Instructor_400,Biz,AMER,19
401,Instructor_401,Health,EMEA,15
402,Instructor_402,Design,EMEA,13
403,Instructor_403,Design,EMEA,21
404,Instructor_404,Design,EMEA,7
405,Instructor_405,Biz,AMER,18
406,Instructor_406,Design,AMER,28
407,Instructor_407,Health,AMER,16
408,Instructor_408,Design,APAC,28
409,Instructor_409,Tech,AMER,20
410,Instructor_410,Health,AMER,22
411,Instructor_411,Design,EMEA,8
412,Instructor_412,Design,EMEA,27
413,Instructor_413,Biz,EMEA,22
414,Instructor_414,Design,EMEA,8
415,Instructor_415,Tech,APAC,27
416,Instructor_416,Biz,AMER,13
417,Instructor_417,Tech,AMER,28
418,Instructor_418,Tech,APAC,9
419,Instructor_419,Design,APAC,2
420,Instructor_420,Design,APAC,21
421,Instructor_421,Health,AMER,4
422,Instructor_422,Tech,AMER,11
423,Instructor_423,Tech,AMER,2
424,Instructor_424,Health,EMEA,1
425,Instructor_425,Biz,APAC,6
426,Instructor_426,Health,AMER,23
427,Instructor_427,Tech,APAC,5
428,Instructor_428,Design,EMEA,12
429,Instructor_429,Biz,EMEA,8
430,Instructor_430,Biz,EMEA,29
431,Instructor_431,Tech,APAC,18
432,Instructor_432,Health,AMER,29
433,Instructor_433,Biz,EMEA,27
434,Instructor_434,Health,EMEA,21
435,Instructor_435,Biz,AMER,9
436,Instructor_436,Biz,EMEA,27
437,Instructor_437,Health,EMEA,26
438,Instructor_438,Biz,APAC,1
439,Instructor_439,Tech,AMER,23
440,Instructor_440,Tech,AMER,15
441,Instructor_441,Tech,APAC,23
442,Instructor_442,Tech,APAC,4
443,Instructor_443,Health,APAC,28
444,Instructor_444,Health,APAC,11
445,Instructor_445,Health,APAC,1
446,Instructor_446,Design,AMER,4
447,Instructor_447,Design,AMER,2
448,Instructor_448,Health,AMER,17
449,Instructor_449,Health,AMER,7
450,Instructor_450,Design,AMER,26
451,Instructor_451,Health,AMER,25
452,Instructor_452,Health,EMEA,5
453,Instructor_453,Design,APAC,27
454,Instructor_454,Health,EMEA,29
455,Instructor_455,Tech,EMEA,28
456,Instructor_456,Tech,APAC,6
457,Instructor_457,Health,EMEA,28
458,Instructor_458,Design,APAC,26
459,Instructor_459,Tech,EMEA,29
460,Instructor_460,Health,APAC,23
461,Instructor_461,Health,AMER,2
462,Instructor_462,Biz,EMEA,23
463,Instructor_463,Tech,APAC,7
464,Instructor_464,Health,EMEA,9
465,Instructor_465,Tech,APAC,28
466,Instructor_466,Biz,APAC,7
467,Instructor_467,Design,APAC,20
468,Instructor_468,Health,AMER,3
469,Instructor_469,Health,APAC,24
470,Instructor_470,Tech,APAC,7
471,Instructor_471,Design,EMEA,5
472,Instructor_472,Tech,APAC,22
473,Instructor_473,Health,EMEA,18
474,Instructor_474,Health,APAC,19
475,Instructor_475,Health,AMER,29
476,Instructor_476,Tech,EMEA,29
477,Instructor_477,Design,APAC,4
478,Instructor_478,Biz,AMER,16
479,Instructor_479,Health,APAC,17
480,Instructor_480,Biz,EMEA,12
481,Instructor_481,Biz,APAC,17
482,Instructor_482,Health,EMEA,16
483,Instructor_483,Health,EMEA,26
484,Instructor_484,Tech,AMER,13
485,Instructor_485,Design,EMEA,16
486,Instructor_486,Health,AMER,28
487,Instructor_487,Design,AMER,25
488,Instructor_488,Biz,EMEA,7
489,Instructor_489,Design,EMEA,17
490,Instructor_490,Tech,APAC,8
491,Instructor_491,Design,APAC,1
492,Instructor_492,Design,AMER,25
493,Instructor_493,Tech,EMEA,20
494,Instructor_494,Health,EMEA,10
495,Instructor_495,Health,AMER,6
496,Instructor_496,Health,AMER,29
497,Instructor_497,Tech,EMEA,2
498,Instructor_498,Tech,EMEA,16
499,Instructor_499,Health,AMER,14
500,Instructor_500,Biz,APAC,15
